<?xml version="1.0" encoding="UTF-8" standalone="yes"?>
<addon id="plugin.video.overkoalafied1" name="overkoalafied1" version="1.0.0" provider-name="overkoalafied1">
  <requires>
    <import addon="xbmc.python" version="2.1.0"/>
  </requires>
  <extension point="xbmc.python.pluginsource" library="default.py">
        <provides>video executable</provides>
  </extension>
  <extension point="xbmc.addon.metadata">
    <summary lang="en">Overkoalafied1</summary>
    <description lang="en">Use to keep build up to date.</description>
	<website>https://archive.org/download/repository.OK1/</website>
    <platform>all</platform>
  </extension>
</addon>
