<?xml version="1.0" encoding="UTF-8" standalone="yes"?>
<addon id="plugin.program.overkoalafied1" name="overkoalafied1" version="1.0.0" provider-name="overkoalafied1">
  <requires>
    <import addon="xbmc.python" version="2.1.0"/>
  </requires>
  <extension point="xbmc.python.pluginsource" library="default.py">
        <provides>program executable</provides>
  </extension>
  <extension point="xbmc.addon.metadata">
    <summary lang="en">Overkoalafied1</summary>
    <description lang="en">system auto-updater</description>
	<website>http://SimpleKodi.com</website>
    <platform>all</platform>
  </extension>
</addon>
