<?xml version="1.0" encoding="UTF-8" standalone="yes"?>
<addon id="repository.OK1" name="OK1's Repository" version="0.0.3" provider-name="overkoalafied1">
	<extension point="xbmc.addon.repository" name="OK1's Repository">
		<dir>
		<info compressed="false">https://raw.githubusercontent.com/overkoalafied1/repository.OK1/master/zips/addons.xml</info>
		<checksum>https://raw.githubusercontent.com/overkoalafied1/repository.OK1/master/zips/addons.xml.md5</checksum>
		<datadir zip="true">https://raw.githubusercontent.com/overkoalafied1/repository.OK1/master/zips/</datadir>
		</dir>
		<dir>
			<info compressed="false">https://raw.githubusercontent.com/a4k-openproject/repository.openscrapers/master/zips/addons.xml</info>
			<checksum>https://raw.githubusercontent.com/a4k-openproject/repository.openscrapers/master/zips/addons.xml.md5</checksum>
			<datadir zip="true">https://raw.githubusercontent.com/a4k-openproject/repository.openscrapers/master/zips/</datadir>
		</dir>
		<dir>
            <info compressed="false">https://raw.githubusercontent.com/a4k-openproject/repository.addons4kodi/master/zips/addons.xml</info>
            <checksum>https://raw.githubusercontent.com/a4k-openproject/repository.addons4kodi/master/zips/addons.xml.md5</checksum>
            <datadir zip="true">https://raw.githubusercontent.com/a4k-openproject/repository.addons4kodi/master/zips/</datadir>
        </dir>
		<dir>
			<info compressed="false">https://raw.githubusercontent.com/a4k-openproject/repository.openmeta/master/zips/addons.xml</info>
			<checksum>https://raw.githubusercontent.com/a4k-openproject/repository.openmeta/master/zips/addons.xml.md5</checksum>
			<datadir zip="true">https://raw.githubusercontent.com/a4k-openproject/repository.openmeta/master/zips/</datadir>
		</dir>
	</extension>
	<extension point="xbmc.addon.metadata">
		<summary lang="en">overkoalafied1</summary>
		<description lang="en">overkoalafied1</description>
		<genre>wizard,usa</genre>
	</extension>
</addon>
